{
  "project_info": {
    "project_number": "199976593412",
    "firebase_url": "https://e-summit-1ae29.firebaseio.com",
    "project_id": "e-summit-1ae29",
    "storage_bucket": "e-summit-1ae29.appspot.com"
  },
  "client": [
    {
      "client_info": {
        "mobilesdk_app_id": "1:199976593412:android:49169baff5226b76",
        "android_client_info": {
          "package_name": "com.ecell.naruto"
        }
      },
      "oauth_client": [
        {
          "client_id": "199976593412-e2uojceqhc2uoo7vahfp68d23gl6011g.apps.googleusercontent.com",
          "client_type": 3
        }
      ],
      "api_key": [
        {
          "current_key": "AIzaSyCjmNQJxlsle1f6O-NeRbl6DcD0ROsuNXE"
        }
      ],
      "services": {
        "analytics_service": {
          "status": 1
        },
        "appinvite_service": {
          "status": 1,
          "other_platform_oauth_client": []
        },
        "ads_service": {
          "status": 2
        }
      }
    }
  ],
  "configuration_version": "1"
}